borough,Student_Attendance_Rate,Average_ELA_Proficiency,Average_Math_Proficiency,avg_math_ela,boroughname
1,0.9115384615384609,2.6338009049773756,2.784027149321267,2.708914027149321,Manhattan
2,0.9151071428571419,2.338035714285714,2.4280357142857145,2.383035714285714,Bronx
3,0.9284010152284251,2.501243654822335,2.624796954314721,2.563020304568528,Brooklyn
4,0.9375000000000001,2.6608333333333336,2.783333333333333,2.722083333333333,Staten Island
5,0.9477099236641217,2.6804580152671753,2.8695801526717557,2.7750190839694655,Queens
